Id (Donation Items),Donation Id,Description,Quantity
6,3,Cases tofu @16 lbs ea = 48 lbs ,3
7,6,3 boxes of produce,3
8,6,2 boxes of Spaghetti Sauce,2
9,7,Prepared Food,2
10,6,Box of assorted dented cans ,1
11,6,Box of eggs and cheese ,1
90,72,Case oranges,1
106,88,Broccoli salad - individually packaged,1
107,89,Case of hot dogs,1
115,91,Bag bread,1
159,134,Produce,2
160,134,Bakery,1
172,144,Flats strawberries 8 lbs each,5
173,144,Lbs bread,40
217,180,Bakery boxes,6
219,182,Boxes Cantaloupes,8
240,203,Bag of Bagels,1
251,215,Frozen,1
252,215,Daury,4
253,215,Produce,2
254,215,Nonperishable,3
290,237,Boxes Bagged Salad,14
291,235,Cooked corned beef,2
292,235,Precut and pkgd xucchini,1
293,235,Cut carrots,1
300,245,Case Gatorade,1
373,302,case sour cream,1
374,302,Bags shredded cheese,4
375,308,Snacks,3
376,309,Bagels,3
416,332,Extra box of bannans ,1
422,351,New food,3
468,384,Boxes fruit,5
469,384,Box bread,1
486,401,"Box of ""breakfast beeaks""  packages of crackers, drink, chix salad",1
538,445,jello mix and dipping sauce,5
539,445,gloves,8
560,445,Protein Bars,2
569,469,Boxes Assorted Bread/Pastries,3
579,479,Hamburgers,1
580,479,Hot Dogs,1
581,479,Fruit,2
582,479,Coleslaw,1
583,479,Potato Salad,1
584,480,Cups,5
595,489,Buckets of f cocktail,3
596,489,Box bread (10lb),1
597,479,Buns big boxes,2
616,506,Box of onions,1
619,511,Bagged Lunches,60
620,511,Apples,2
653,532,Bananas,1
656,533,Bread,15
657,533,Pastries/desserts boxes,5
658,533,Salad dressing,2
659,533,Heads of lettuce,6
660,533,Spaghetti sauce,4
672,537,Cases of potato chips,6
687,551,1 huge box of bread.,1
719,573,Box of Italian Bread,1
722,558,Sandwiches,15
738,586,Bags Bakery Items,2
740,592,Box of Bagels,1
742,581,Boxes breaf,3
743,581,5 qt buckets fruit cocktail,12
750,597,Boxes assorted bakery items,6
751,599,Bags bread,3
776,620,Onions,2
777,620,I ions,2
780,620,Carrots,1
781,620,Celery,1
784,620,Celary,1
799,637,Cases grozen chicken,4
800,637,Cases bananas,2
801,639,Pans prepared food,19
802,639,Boxes bagged pretzels ,3
810,640,Boxes yogurt,3
811,644,Bag of bread,1
812,646,bread and baked goods,2
841,664,Baked items ,50
842,672,Box assorted bakery items,1
843,671,Bags bread,5
849,675,Boxes assorted vegetables buns meat fruit,9
893,717,Bakery bread,36
934,757,Pot pie,1
984,797,Cart of Produce,1
1008,815,Bag bagels,1
1011,821,Cases fruit,3
1012,823,Tubs sauce,3
1013,823,Buns ,2
1026,833,Large box misc food items - est 75 lbs,1
1039,839,Items ,50
1043,848,Trays of Mexican Food,4
1051,852,Bag bread,1
1054,850,6 Packs of bagels ,12
1056,857,20 cup buckets fruit cocktail,5
1057,857,Half box bread,1
1058,856,Box bread pastry lettice,1
1062,863,Sandwiches,1
1063,863,Milk,50
1064,863,Juice,1
1067,863,Pints of milk,50
1068,865,Trays of Prepared Fod,10
1088,882,Gallons Sour cream,40
1121,895,Snack cakes,60
1132,905,Box Pastries,1
1134,908,Non perishable boxed groceries,3
1139,912,Large bags assorted buns and rolls,3
1140,912,Blocks cheese,3
1155,918,Case individually wrapped sandwiches,1
1162,922,Trays sandwiches,6
1197,956,Bread,7
1208,972,Cases produce,2
1236,999,35 boxed lunches,35
1237,1000,100 Boxed Lunches,200
1239,1002,2 Boxes of Baby Formula,2
1242,1006,Cucumbers,6
1268,1013,Box bananas,1
1270,1018,Box of misc produce & pita bread ,1
1279,1035,Buns,4
1286,1036,Bag produce,1
1301,1055,Bag of bagels,1
1303,1058,Cupcakes,5
1306,1060,Yogurt,3
1307,1060,Yogurt,1
1309,1062,Bananas,4
1310,1058,Box gf cookies,1
1314,1066,1 lb Yogurt Container,5
1315,1066,Single Serving Yogurt,15
1342,1089,Bread,1
1343,1090,French Toast,5
1344,1090,Pancakes,5
1345,1090,Can Food,1
1353,1098,cardboard boxes,25
1363,1094,Sandwiches,6
1364,1106,Cases pop and water,2
1365,1106,Misc condiments,1
1374,1112,Box Assorted Bakery,1
1400,1114,Bread,7
1401,1114,Tomatoes,1
1402,1114,Cheese,1
1403,1126,Large bags bread & rolls,2
1429,1100,Bread,5
1434,1142,cases tea,7
1435,1142,4 cases doritos,4
1436,1142,case misc,1
1463,1131,Lettuce,3
1464,1152,Cart-full Bakery Items,1
1471,1172,various food items ,3
1474,1171,Extra bag,1
1496,1169,Bread/baguettes,20
1497,1169,Cookies box,1
1498,1184,Cheeses,12
1508,1190,Boxes of Tissues,15
1523,1203,Case peaches,1
1524,1203,Club sandwiches,70
1525,1195,Box,1
1550,1217,Box of Bananas,1
1551,1216,Box of Bananas,2
1562,1235,various food items ,5
1563,1226,Cases x 4 gal whole milk,3
1564,1225,Cases x 4 gal whole milk,9
1585,1252,Assorted items,3
1586,1252,Bread bags,2
1594,1256,Desserts,3
1597,1262,various food items ,4
1606,1268,various items,4
1611,1272,non perishable items(marinara sauce),1
1612,1272,Baguettes,80
1615,1271,Boxes of bananas,4
1618,1277,various food items ,4
1619,1278,Bakery,12
1620,1279,Zucchini,1
1621,1281,Zucchini,2
1622,1282,Zucchini,2
1648,1301,Cases Corn,2
1657,1301,Cases corn,2
1658,1301,Corn,6
1691,1335,Zucchini,1
1692,1335,Bananas,1
1693,1335,Pickles,1
1694,1335,Cucumbers,1
1695,1336,Zucchini,3
1696,1335,Broccoli,1
1704,1339,bags ,2
1716,1350,Box assorted baked goods ,1
1721,1356,Prepared Food,5
1725,1360,various items,4
1740,1374,various food items ,3
1744,1374,Boxes frozen ,2
1745,1374,Boxes dairy,2
1746,1374,Box Nonperishable,3
1747,1374,Boxes produce,2
1751,1380,Test item,1
1781,1406,Assorted bagels,2
1837,1449,Bag of Potatoes,1
1882,1501,Large trays prepared food,4
1889,1509,various,10
1906,1523,small boxes of kind bars,23
1907,1520,cart bakery items,1
1912,1525,Box baked goods,1
1916,1530,Prepared Food,3
1917,1531,Prepared Food,3
1918,1531,Bags of Sesame seed bagels,2
1920,1532,Baked goods,3
1926,1537,Cases cucubers,6
1933,1544,Prepared Food,3
1934,1545,Cold meals,4
1947,1546,Boxes Assorted Bakery Items,4
1948,1549,Cased fruit,4
1949,1549,Case lettuce ,1
1950,1549,Box bread,1
1951,1549,Flat tomatoes,1
1952,1549,Flats exotic mushrooms,2
1962,1564,Bags of corn,10
1972,1569,Crackers,10
1973,1569,Produce,2
1976,1565,Bread,3
1977,1565,Baked Goods,3
1978,1574,Half trays,3
1983,1578,Kind Bars,3
1984,1579,Kind Bars,3
1993,1585,Bagels,3
1994,1586,Prepared food (mac and cheese),2
2005,1594,bags ,2
2016,1607,gallons of milk,25
2017,1608,gallons of milk,20
2018,1609,gallons of milk,50
2019,1610,gallons of milk,25
2021,1612,Produce ,2
2022,1612,Baked goods,2
2023,1613,Produce ,2
2026,1615,Produce ,2
2027,1615,Baked goods,2
2028,1616,Prepared Food,3
2029,1617,cases of broccoli,8
2070,1646,Packs of buns,10
2095,1663,prepared food,4
2101,1666,Nectarines,10
2102,1666,Banannas,1
2103,1666,Box of mixed potatoes,1
2104,1666,Box bananas,1
2105,1666,Box mixed items,1
2106,1666,Boxes mixed items,4
2110,1670,Produce ,2
2111,1670,Baked goods,2
2112,1671,Bagels,3
2114,1673,Produce ,3
2115,1674,Produce ,3
2116,1675,Bagels,3
2117,1677,Prepared Food,4
2118,1678,Baked goods,2
2119,1679,Bread,3
2120,1680,Produce ,3
2121,1681,Produce ,3
2122,1682,Baked goods,6
2123,1683,Baked goods,3
2124,1684,Produce ,3
2125,1685,Prepared Food,3
2133,1693,Prepared Food,3
2158,1714,Produce ,3
2167,1723,Bagels,2
2168,1724,Baked goods,3
2169,1725,Bagels,3
2170,1726,Bagels,3
2171,1727,Produce ,2
2172,1727,Baked goods,2
2173,1728,Bagels,2
2174,1729,Produce ,3
2175,1729,non perishable items,3
2176,1730,Prepared Food,3
2177,1729,Frizen,1
2178,1731,Prepared Food,3
2181,1734,Prepared Food,8
2183,1734,1 gallon Bags dinner rolls,6
2184,1734,Large bags spring mix,2
2206,1742,Frozen Fish,1
2232,1772,Large bag bagels,1
2233,1769,Pot pies,2
2238,1777,Asparagus,1
2239,1777,Pears ,1
2240,1777,Apples,1
2241,1777,Lemons ,2
2242,1777,Peppers ,1
2243,1781,produce ,2
2244,1781,baked goods,2
2245,1782,Produce ,2
2246,1782,baked goods,2
2247,1783,produce ,2
2248,1783,baked goods,2
2249,1784,baked goods,2
2250,1784,produce ,2
2251,1785,prepared food ,6
2268,1788,Large bags assorted bakery,4
2269,1793,Boxes bakery goods,3
2278,1802,Giant bag of assorted bagels,1
2314,1836,Pot Pies,2
2334,1850,Really really really big garbage  bag size ,2
2351,1872,produce,2
2352,1872,Baked Goods,2
2353,1873,bagels,3
2355,1875,bread,3
2356,1876,produce,3
2358,1878,bread,3
2362,1882,prepared food,3
2371,1889,prepared food,8
2425,1931,Boxes of cereal,17
2426,1931,Case misc produce ,1
2427,1931,Case misc bath and beauty products,1
2430,1938,prepared food,10
2434,1941,produce,29
2435,1942,prepared food,4
2436,1943,cold meals,4
2498,1979,Boxes kale,4
2509,1973,Huge boxes buns,3
2510,1973,Tray of condiments,1
2514,1972,Boxes assorted produce,12
2515,1972,Half of a pizza :0,1
2527,2011,Assorted produce and assorted bakery,5
2529,2012,Assorted produce,5
2540,2019,Assorted produce,4
2541,2020,Assorted produce,3
2542,2021,Assorted produce,1
2543,1973,Trays chicken fingers,4
2544,2022,Assorted produce and assorted bakery,3
2545,2023,Assorted bagels,3
2546,2024,Assorted produce and assorted bakery,4
2547,2025,Assorted bagels,4
2548,2026,Assorted baked items,3
2549,2027,Assorted produce,3
2550,2028,Assorted produce,4
2551,2029,Assorted produce,3
2552,2030,Assorted baked items,4
2553,2032,Assorted fruit + granola,15
2554,2033,Assorted fruit + granola,15
2555,2034,Assorted fruit + granola,15
2556,2035,Assorted fruit + granola,15
2557,2036,Assorted fruit + granola,15
2558,2037,Assorted fruit + granola,15
2562,2034,Case of bananas,1
2563,2034,Case of apples,1
2564,2034,Cases pretzels,3
2565,2034,Case packaged peanutbutter,1
2566,2040,Bananas,1260
2568,2040,cocktail cukes,2760
2570,2043,Produce ,2
2571,2043,Baked goods,2
2572,2044,Kind Bars,20
2573,2045,Prepared Food,2
2575,2047,Baked goods,2
2576,2047,Produce ,2
2579,2050,Produce ,3
2583,2054,Baked goods,3
2592,2057,Cucumbers,8
2607,2072,Produce ,2
2608,2072,Baked goods,2
2609,2073,Bagels,3
2611,2075,Produce ,2
2612,2076,Baked goods,2
2615,2078,Produce ,3
2621,2040,Cases bananas,2
2651,2099,Large bags brocolli,2
2668,2117,Bagels,3
2669,2118,Produce ,2
2670,2119, juice,40
2671,2120,Baked goods,3
2676,2125,Produce ,3
2677,2126,Produce ,3
2678,2127,Baked goods,3
2684,2133,Prepared Food,3
2685,2134,Cold meals,3
2687,2136,Prepared Food,5
2690,2139,Bread,6
2733,2169,Tomatoes,1
2770,2204,"Leftover breakfast and lunch food (eggs, bacon, sausages, quinoa salad and sandwiches) ",8
2796,2223,produce,3
2797,2223,Baked Goods,3
2798,2224,bagels,3
2799,2225,bagels,2
2800,2226,produce,3
2801,2227,bread,3
2806,2231,produce,2
2807,2232,produce,2
2808,2232,Baked Goods,2
2809,2224,Large bag of bagels,1
2810,2233,produce,2
2811,2233,Baked Goods,2
2812,2234,produce,2
2813,2234,Baked Goods,2
2814,2235,prepared food,4
2816,2237,prepared food,3
2822,2243,prepared food (hotdogs and hamburgers),6
2829,2245,2 Very Large bags of bread,2
2845,2257,Hamburgers,50
2846,2257,Hor dogs,70
2867,2281,loaves of bread (individual loaves on racks) 1 rack equal 200 loaves***,1800
2869,2283,Bagels,3
2870,2284,Produce ,3
2871,2285,Baked goods,3
2872,2286,Baked goods,3
2878,2292,Produce ,252
2879,2293,Bar Soap,16
2881,2295,Prepared Food,3
2885,2299,Prepared Food,3
2886,2300,Cold meals,3
2887,2301,Bar Soap,10
2891,2304,Produce (CSA share),1
2914,2318,Tray of salad,3
2915,2318,To-go packages of chicken,4
2916,2318,Baguettes,6
2917,2318,Case of soda/iced tea,3
2918,2318,Pastry tray,1
2919,2325,prepared food,3
2922,2328,prepared food,2
2923,2329,Pastries,20
2925,2322,Case misc produce,8
2950,2347,Produce ,3
2951,2348,Produce ,3
2952,2349,Produce ,2
2953,2349,Baked goods,2
2954,2350,Produce ,2
2955,2351,Produce ,6
2956,2352,Produce ,4
2957,2353,6,3
2962,2357,Produce ,2
2963,2357,Baked goods,2
2965,2359,Baked goods,3
2966,2360,Bread,2
2968,2362,Produce,10
2969,2362,Bread,10
2971,2364,Produce ,2
2972,2365,Produce ,2
2973,2365,Baked goods,2
2974,2366,cases of carrots,3
2975,2367,salad mix and yogurt,12
2976,2368,Prepared Food,3
2977,2369,Breakfast sausage,1
2978,2370,Produce ,4
2979,2371,Produce ,2
2980,2371,Baked goods,2
2982,2372,Baked goods,2
2983,2373,Baked goods,2
2984,2374,Prepared Food,3
2987,2376,cases of bananas,22
2988,2378,Prepared Food,4
3005,2390,Bagels,3
3006,2391,Produce ,2
3007,2391,Bread,2
3008,2392,Bagels,2
3012,2395,Produce ,3
3016,2400,Produce ,2
3017,2400,Assorted Bakery,2
3018,2401,Produce ,2
3019,2402,Produce ,2
3020,2403,Produce ,2
3021,2403,Baked goods,8
3022,2404,Prepared Food,3
3028,2409,Prepared Food,3
3031,2379,"Large bag bread, bagels, english muffins",1
3072,2448,Bagels,2
3073,2449,Bagels,2
3074,2449,Large bag,1
3075,2451,Produce ,5
3076,2452,Bread,3
3077,2453,Prepared Food,4
3081,2457,ready to eat food,3
3083,2459,Cold meals,4
3084,2460,Produce ,2
3085,2461,2 cases of peppers and 4 cases of yellow squash,6
3086,2460,Bread,2
3109,2481,Kind Bars,10
3119,2484,Uht milk,2
3120,2484,Box bread,2
3165,2527,Baked goods,3
3166,2528,Produce ,3
3167,2529,Prepared Food,8
3168,2530,Produce ,3
3169,2531,Prepared Food,15
3170,2532,Produce ,3
3179,2540,Produce ,2
3180,2540,Baked goods,2
3183,2540,Boxes condiments ,2
3184,2540,Bixes Snack foods,5
3186,2535,Bags french toast sticks,3
3197,2554,Bagels,3
3198,2555,Bagels,3
3199,2556,Produce ,5
3200,2557,Produce ,3
3202,2559,Bread,6
3203,2560,Kind Bars,10
3204,2561,Prepared Food,10
3205,2562,Prepared Food,3
3206,2554,Large bags Bagels,1
3208,2564,Prepared Food,3
3210,2566,Prepared Food,2
3211,2567,hotdog and hamburger buns,2
3215,2563,Smaller bags of cookies,3
3251,2605,Bagels,3
3252,2606,Bagels,3
3254,2608,Produce ,3
3255,2608,non perishable items,3
3256,2609,Prepared Food,3
3257,2610,Produce ,1
3260,2613,Produce ,2
3261,2613,Bread,2
3263,2616,Cold meals,4
3265,2618,boxed lunches,18
3312,2643,Boxes assorted produce,16
3349,2684,Box paper goods ,1
3350,2684,Trays/boxes prepared food ,14
3351,2686,Cases banannas,3
3381,2713,Bagels,2
3382,2714,Bagels,2
3383,2715,Prepared Food,10
3384,2716,Produce ,2
3385,2717,Bread,2
3390,2722,Produce ,2
3394,2727,Prepared Food,2
3395,2728,Bread,15
3396,2729,Prepared Food,5
3420,2745,Boxes assorted bagels,2
3441,2768,Bagels,2
3442,2769,Produce ,2
3443,2770,Bagels,2
3444,2771,Bagels,2
3446,2773,Produce ,2
3447,2773,Bread,2
3448,2774,Produce ,2
3449,2774,Bread,2
3450,2775,Prepared Food,4
3453,2778,Produce ,2
3454,2778,Bread,2
3455,2779,Produce ,2
3456,2780,Produce ,2
3457,2780,non perishable items,2
3461,2784,Produce ,4
3515,2830,Boxes of hot coffee,2
3516,2835,assorted items,10
3517,2793,Cases romaine,5
3552,2829,Boxes of apples,2
3553,2829,Box of individual salads,1
3554,2829,Boxes of misc items,2
3567,2868,Small tray prepared food,1
3579,2875,Smiley cookies,2
3580,2879,Bagels,2
3581,2880,Produce ,4
3582,2881,Prepared Food,4
3585,2883,Prepared Food,5
3588,2886,Prepared Food,4
3604,2902,bagels,2
3605,2903,Cases of Peppers 11lbs,192
3606,2904,produce,2
3607,2905,bread,2
3608,2906,produce,2
3610,2908,Pans of pasta,20
3611,2909,Prepared Food,2
3623,2893,Bag carrots ~8 lbs,1
3624,2893,Box cinnamon crumbles ,1
3625,2893,"Box of sandwiches, etc",1
3665,2959,Bagels,2
3666,2960,Prepared Food,5
3667,2961,Bagels,2
3669,2964,Produce ,2
3670,2964,non perishable items,2
3671,2965,Produce ,2
3672,2966,Produce ,2
3673,2967,Produce ,2
3688,2976,Prepared Food,5
3690,2976,Bags of bread,5
3694,2981,"Pans of rice, salad, and taco beef",27
3695,2982,Assorted produce,4
3696,2983,boxed lunches,200
3762,3038,Chicken Pot Pie,3
3773,3050,cases of orange juice,2
3774,3051,Produce ,2
3775,3052,cases of orange juice,6
3776,3053,Prepared Food,5
3779,3055,Produce ,2
3780,3055,Baked goods,2
3781,3056,Produce ,2
3806,3075,Bagels,2
3807,3076,Bags of apples,108
3808,3077,Produce ,2
3810,3079,Produce ,2
3811,3080,"eggs, milk, bread, lunch meat",6
3813,3082,Produce ,2
3814,3082,Baked goods,2
3818,3086,"milk cartons, juice, cartons, prepackaged food",1
3856,3106,Trays prepared food,27
3874,3135,Bagels,2
3875,3136,Prepared Food,1
3876,3137,Produce ,2
3877,3138,Produce ,2
3897,3116,Salad bag,1
3909,3154,Box frozen,1
3910,3154,Nonperishables,5
3911,3154,Flats berries,8
3956,3196,Cases chips,9
3957,3196,Boxes cookirs,5
3958,3196,Boxes coffee creamer,2
3959,3196,Bags cups etc,3
3979,3213,Produce ,4
3980,3214,Baked goods,2
3981,3215,Bread,4
3982,3216,Produce ,2
3983,3217,Produce ,4
3984,3218,Bagels,2
3985,3219,Produce ,2
3986,3220,Produce ,4
3987,3220,Baked goods,2
3990,3222,KIND BARS,15
3994,3225,ready to eat food,2
3995,3227,Produce ,2
3997,3229,Produce ,2
3998,3229,Bread,2
4014,3244,Bagels,2
4015,3245,Baked goods,3
4016,3246,Prepared Food,2
4017,3247,Prepared Food,8
4018,3248,Produce ,2
4020,3250,Baked goods,2
4021,3251,ready to eat food,2
4023,3253,cases of biscuits,4
4066,3254,1 bag of pastries,1
4081,3295,Cases peppers,2
4085,3295,Case peppers,1
4086,3295,Boxes of peppers,2
4087,3295,Cases peppers,2
4088,3295,Red pepper,1
4090,3295,Cases peppers,2
4092,3295,Red pepper,1
4095,3295,Cases peppers,2
4096,3295,Cases peppers,2
4120,3326,Assorted Bakery,5
4123,3318,Box assorted baked goods,1
4132,3309,"Boxes Bottled waters, 45 bottles total",3
4165,3360,Shopping Bags bagels,2
4166,3360,Shopping bag pasties ,1
4167,3360,Bag of boxed salads,1
4170,3363,Produce,3
4171,3364,bread,3
4172,3365,baked goods,3
4173,3366,various food items,5
4174,3367,baked goods,3
4175,3367,Produce,3
4177,3369,prepared food,4
4207,3396,Bagels (estimated),3
4208,3397,Bagels (estimated),3
4209,3398,Bagels (estimated),3
4256,3435,Boxes refrigerated,3
4257,3435,Half box nonperishable,1
4270,3434,Packages buns 18 oz each,212
4289,3467,Bagels (estimated),3
4290,3468,Produce,3
4291,3469,Bagels (estimated),3
4293,3471,Orange Peppers,1120
4294,3471,Spinach,32
4295,3471,Cherry Tomatoes,120
4296,3471,Tomatoes,95
4301,3476,Produce,3
4304,3479,chicken and biscuits,3
4347,3500,Boxes assorted baked goods,3
4400,3563,Flowers,15
4418,3574,Cases grocery items,8
4428,3577,Cases Assorted Bakery,2
4448,3606,Assorted Bakery,3
4449,3607,Produce,1
4450,3607,baked goods,3
4451,3608,Assorted Produce,3
4453,3610,Prepared Food,8
4456,3613,Prepared Food,3
4459,3617,Prepared Food,6
4466,3618,Varios lunch items from delica,20
4507,3636,Big bag of bagels,1
4512,3641,Bag of Bread,1
4528,3676,various food items,12
4529,3677,Bagels (estimated),3
4530,3678,Bagels (estimated),3
4531,3679,Bagels (estimated),3
4533,3681,Produce,3
4534,3681,non-perishable items,3
4536,3683,baked goods,3
4541,3679,Box of Bagels,1
4543,3688,Various smoked food items,8
4544,3690,cases of snacks,9
4545,3691,Produce,1
4547,3693,chicken and biscuits,3
4555,3700,Prepared Food,3
4591,3713,Bag bread,1
4601,3717,Box snacks,1
4602,3717,Food indiv,1
4608,3749,Produce,3
4609,3750,Bagels (estimated),3
4610,3751,Produce,3
4611,3752,Produce,2
4612,3752,baked goods,2
4613,3753,Prepared Food,3
4615,3755,pan of salad and dressing,1
4618,3758,baked goods,4
4621,3761,Prepared Food,3
4622,3762,Bread,1
4623,3763,Prepared Food,2
4629,3769,Prepared Food,3
4635,3775,baked goods,3
4643,3781,Prepared Food,5
4644,3782,Produce (carrots),2
4649,3769,Bag bread,1
4663,3798,Produce,2
4664,3798,Bread,2
4665,3799,Cases of romaine lettuce mix,16
4666,3799,Cases of iceberg lettuce mix,66
4667,3800,Prepared Food,2
4668,3801,non perishable items,3
4669,3802,Bread,2
4670,3803,Produce,3
4671,3803,Bread,2
4672,3804,Prepared Food,2
4673,3806,Bread,2
4677,3810,Bread,2
4703,3827,Assorted bread,1
4736,3861,Bagels (estimated),3
4737,3862,cases of orange juice,25
4738,3863,Produce,4
4739,3864,Produce,3
4740,3864,Bread,3
4741,3865,Produce,3
4742,3866,Produce,3
4743,3867,ham and cheese sandwiches,1
4745,3862,50 lb sack potatoes,1
4751,3874,Prepared Food,3
4752,3875,Prepared Food,7
4760,3874,Bottled water case,5
4770,3893,gala apples,1275
4774,3893,Golden apples,5
4792,3902,Carts of bakery,3
4801,3900,Bags of Bread,3
4802,3914,Bag chicken,1
4806,3919,Premade pesto containers ten plus,10
4810,3912,Half full crate of fresh stuff from today,1
4841,3952,"trays of NY strip sandwiches on Brioche, finger sandwiches, pasta, etc ",6
4851,3956,Bakery,3
4871,3975,Boxes produce,6
4872,3966,Bags bread,2
4900,4003,Produce ,2
4901,4003,Bread,2
4902,4004,Bread,2
4903,4005,#10 cans/ non perishable ,9
4904,4006,Produce,2
4905,4006,Bread,2
4906,4007,Produce ,2
4907,4007,Bread,2
4914,4011,Loaf of bread,1
4915,4011,Box of bagels,1
4932,4029,baked goods,3
4934,4031,Prepared Food,3
4935,4032,Green leaf lettuce,132
4936,4032,chopped lettuce,176
4937,4032,coleslaw,32
4938,4033,Bagels (estimated),3
4939,4034,Prepared Food,3
4941,4031,Bags of chips and pretzels ,3
4942,4036,Produce,3
4946,4041,Bagels (estimated),3
4951,4034,Boxes prepared  food (sandwiches) ,2
4953,4037,Pies,46
4954,4037,Bags of Bread/rolls,22
4955,4037,Assorted boxes of baked goods,21
4956,4028,Toiletries,1
4968,4057,Prepared Food,25
4969,4059,Prepared Food,10
4978,4064,Tostitos chips,5
4987,4072,Donuts,7
5002,4087,various food items,6
5003,4088,Bagels (estimated),3
5004,4089,Bread Only! Someone else is taking the produce. ,3
5005,4090,Produce,5
5006,4091,Bread (baguettes),2
5009,4093,Produce,2
5016,4098,Prepared Food,2
5058,4123,Big bags cookies,6
5115,4184,Bakery,1
5153,4212,baked goods,3
5155,4214,baked goods,3
5156,4215,Bread,4
5157,4216,Prepared Food,1
5158,4217,various food items,4
5159,4218,Produce,2
5160,4218,baked goods,2
5225,4272,Baked goods,3
5237,4258,Milk crate of dandwiches ,1
5238,4258,Bins of sandwiches ,2
5260,4295,Pumpkin pies,100
5284,4309,Box milk cartons,1
5291,4292,Cases grapes,4
5292,4292,Cases greens,4
5375,4392,Boxes Bakery items,4
5398,4410,baked goods,3
5399,4411,prepared food,2
5400,4412,Produce,2
5401,4412,baked goods,2
5402,4413,Produce,2
5403,4413,Bread,2
5405,4415,Produce,4
5406,4416,various food items,3
5407,4417,Produce,3
5409,4419,Produce,10
5410,4420,Produce,10
5411,4421,baked goods,3
5412,4420,Boxes bread,2
5413,4420,Box frizen,1
5439,4444,Bagels (estimated),3
5440,4445,baked goods,2
5441,4446,Produce,2
5442,4446,baked goods,2
5444,4448,baked goods,2
5448,4450,Produce,2
5455,4457,Produce,2
5456,4457,Bread,2
5457,4458,cart of food,1
5458,4459,Prepared Food,2
5465,4466,loaves of bread/ buns,800
5477,4479,Bread,3
5478,4481,Frozen Prepared Food,100
5481,4484,Prepared Food,1
5486,4488,loaves of bread,5
5487,4489,Boxed Lunches,70
5490,4492,Prepared Food,2
5491,4458,Boxes sandwich trays,3
5492,4458,Trays shrimp,2
5495,4496,bags of bread,3
5500,4500,Bread,4
5501,4501,pizza,5
5512,4512,Bagels (estimated),3
5513,4513,Bagels (estimated),3
5514,4514,Bagels (estimated),3
5515,4515,Bagels (estimated),3
5516,4516,Produce,3
5519,4518,Produce,5
5520,4519,Bread Only! Someone else is taking the produce. ,4
5521,4520,Only Produce and non-perishables,4
5525,4524,Produce,4
5527,4520,Bags bakery,7
5528,4520,Box frozen,1
5529,4520,Boxes refrigerated,3
5530,4520,Boxes nonperishibke,2
5534,4528,Produce,2
5541,4534,Produce,2
5545,4537,Produce,3
5587,4541,Bags,2
5685,4637,Boxes assorted bakery items,4
5775,4712,Trays of soup,2
5786,4729,prepared food,6
5788,4731,prepared food,30
5795,4709,"Bags of bread rolls, bagels",3
5798,4693,containers and bags,15
5823,4754,Bagels,3
5824,4756,Bagels,3
5825,4757,prepared food,4
5826,4758,Various produce and non-perishables,5
5827,4759,produce,3
5829,4761,produce,3
5831,4763,produce,3
5835,4767,crates of choc milk,18
5836,4767,crates of white milk,125
5839,4771,Baked Goods,3
5842,4774,Non Perishable Cans,11
5871,4800,Tomato soup,20
5896,4812,Large trays food,9
5901,4816,Boxes prepared food,2
5908,4775,"Bags.of bagels,bread,and pastries",3
5993,4893,Cases groceries,3
5994,4893,Case Frozen chickens,1
6297,5056,Baked Goods,2
6312,5064,Baked Goods,2
6313,5064,Produce,2
6314,5065,Bagels,3
6401,5109,Baked Goods,2
6406,5112,produce,3
6425,5122,Produce,3
14108,8490,Misc - grocery,10
14109,8490,Egg nog,7
14110,8490,Yugarts,5
14111,8490,Muxed cheeses and bacon,1
14183,8752,Baked Goods,3
14191,8759,prepared food,3
14194,8763,Bagels,3
14382,8891,Bananas,600
15099,8759,Pumpkin pie,8
16185,5922,Cheese ravioli,4
16186,5922,Misc frozen prepared,4
16445,9935,Bananas,585
17183,10308,prepared food,8
17188,10310,Various produce and non-perishables,5
17195,10310,Frozen,1
17196,10310,Refrig,1
17197,10310,Nonperishible,4
17271,10377,Bag of lettuce (5 lbs),1
17272,10377,A few bananas and oranges,1
17311,10408,Trays prepared food,11
17376,10426,Non-perishables: Cans,1
17380,10443,1 bag with 5 bagels,1
17398,10446,Box of misc small drinks,1
17438,10453,Small box white onions,1
17499,10518,Misc,6
17500,10518,Yugart,1
17501,10518,Assorted dairy,4
17509,10521,Deli meats,20
17514,10524,Fresh produce,3
17516,10528,Boxes bread,11
17554,10569,crates of choc milk,75
17555,10569,crates of white milk,125
17577,10585,Cases of cauliflower ,980
17592,10575,Packs of lunch meat,14
17593,10575,Half hoagies,6
17596,10583,Box Frozen,1
17597,10583,Boxes Refrigerated,3
17602,10569,Case choc milk,1
17605,10593,Bags of Tortillas,8
17606,10593,Bags of pepperoni,2
17627,10548,Boxes of pear (3.5 boxes),3
17628,10548,Boxes oranges,2
17629,10548,Cereal (box of indiv pack),1
17630,10548,Box of snack bars,1
17631,10548,Box of indiv hot dogs,1
17653,10625,Prepackaged: Hot Bar Items,4
17668,10630,Large bag bagels,1
17706,10652,Boxes produce like potaoes,2
17718,10604,TTrays of sandwiches and salads,8
17730,10645,Tomatoes,4
17731,10645,Cases of tomatoes,2
17766,10705,Salad,1
17767,10705,Rutabegga,1
17768,10705,Pie,1
17830,10729,Baked goods,6
17877,10751,Misc,4
17924,10795,Cases dannon yogurt ,16
17925,10795,Box of refrigated dairy items,3
17933,10784,Bag rolls,1
17936,10784,Bag rolls,1
17940,10810,variety baked goods,3
17950,10805,Prepared sandwiches,3
17951,10805,Prepared salads,2
17983,10842,Case bananas,2
17986,10842,Case bananas,2
17987,10842,Case onions,2
17990,10840,Vegetables and Fruits,3
17991,10840,"Bags of Pastries, Cakes, Bakery items",5
17992,10840,"Prepackaged Items: Deli, Cheeses, Dips",7
18002,10828,Large box prepared for,1
18096,10892,Dairy boxes ,3
18138,10927,Deli cut lunch meat and dips,1
18139,10927,Grocery,4
18140,10927,Frozen food and ice cream,2
18141,10927,Milk and creamer,1
18142,10927,Yugart,1
18143,10931,Bag of assorted breads. Dated 12/31.,1
18146,10933,Trays prepared food ,11
18147,10933,Bags bread,3
18166,10929,F Meat,12
18200,10973,Iceberg Lettuce,2100
18221,10972,Cases yogart,2
18222,10972,Small bag. Cheese,1
18269,11023,Boxes of Chobani yogurt,2
18270,11023,Boxes+ of Nature Valley Trail Mix bars,5
18271,11023,Small bags chips,5
18273,11022,Small bag bread,1
18279,11015,Bagels,30
18280,11015,Boxes of Fried Chicken ,1
18281,11015,Boxes of fruit,1
18282,11015,Yogurt parfait,15
18346,11066,containers of orange juice. They said drink within 2 to 3 days.,100
18988,11500,Dozen bagels,15
18989,11459,Boxes Donuts,4
18991,11462,Deli box,1
18992,11462,Potato chips boxes,3
19001,11475,Baked goods and chips,6
19003,11519,Small Box frozen,1
19004,11519,Boxes refrigerated,5
19005,11496,6doz bagels,1
19006,11496,Moon Breuggers 6doz Bagels,1
19007,11502,Doz bagels,6
19008,11472,Boxes 60lbs,4
19020,11458,Trays sandwiches,2
19021,11530,Boxes of assorted packaged and frozen food,8
19022,11530,Bags of assorted packaged foods and breaf,12
19031,11534,"Boxes of misc. prepared food (soups, sandwiches, salads, pasta, etc.)",3
19093,11554,Small bag of bread,1
19094,11554,Box of cookies & danish,1
19095,11561,V Very large bags of bagels ,2
19148,11617,Box,1
19225,11631,Misc,8
19226,11631,Milk and juice,1
19227,11631,Yugart,1
19228,11631,Bacon and hotdogs,2
19229,11631,Cottage cheese,2
19234,11640,Pot pie,1
19247,11677,box of bagels (approx. 6 dozen bagels),1
19268,11701,Bags,2
19366,11734,1/2 tray ready to eat food,1
19370,11770,Bakery items,21
19371,11736,Dozen bagels,4
19372,11746,Baked goods,3
19374,11776,Sm boxes frozen: bread pizza veg and 10 lbs meat,2
19375,11776, Lbs dairy,23
19376,11776,Ltrs juice,8
19377,11776,Oz perishable niodles,60
19378,11776,8 oz pkgs vegan cheese,7
19379,11751,Bread products ,3
19381,11772,Large crate hummus and fruit containers,1
19392,11752,"Flats, Strawberries",3
19393,11755,Bags of baked goods,2
19417,11794,Box,1
19484,11842,Bakery/Bread,3
19489,11807,Can goods ,2
19490,11807,Cereal,2
19494,11838, Box Cakes,1
19531,11878,Salads,11
19532,11870,Boxes of half a dozen bagels,3
19536,11878,Muffins/biscotti,10
19538,11878,Prepared foods ,7
19539,11878,Wraps,10
19540,11878,Snack packs,8
19612,11922,Large pan prepared food,1
19613,11912,Grocery cart of baked goods,1
19614,11906,Pomegranates,22
19615,11906,Green peppers,3
19616,11906,1lb strawberry,2
19617,11906,3lb clementine,2
19618,11906,Yams,7
19619,11906,Barlett pear,1
19620,11906,Gala apples,3
19621,11906,Zucchini,7
19622,11906,Red rasberry containers,3
19623,11906,Navel oranges,17
19624,11906,8 oz sliced mushrooms,27
19625,11906,Limes,6
19626,11906,8oz whole mushrooms,3
19627,11906,2 lb green beans,1
19628,11906,Celery sticks,19
19629,11906,Cauliflower florets,7
19630,11906,Pickles,4
19631,11906,Hydroponic tomato package,1
19632,11906,Grapefruits,2
19633,11895,Deli,30
19634,11895,Bread,5
19635,11895,Rolls,5
19636,11895,Cookies,3
19676,11935,Hot Foods,3
19677,11935,Prepared Foods,3
19687,11955,Pot pie,1
19778,12001,Dozen bagels,11
19782,11974,"Donuts, cookies, pastries box",3
19785,11972,Boxed candy,1
19790,12013,Grocery cart bakery items,1
19793,11893,Boxes of bread,3
19795,12023,Boxes dairy,2
19796,12023,Cases lemonade,5
19824,12040,Boxes,4
19883,12056,Small bag of bread,1
19884,12056,Box of cookies & danish,1
19885,12068,Very Large bag of bagels ,1
19886,12068,Small bag of bagels ,1
19893,12059,Bagels,84
19911,12108,iceberg lettuce,800
19917,12071,Boxes of Baked Goods,5
19930,12109,Box,1
20013,12132,Grocery,3
20014,12132,Deli prepared,1
20020,12150,Boxes of muffins,10
20021,12144,Pot pies,6
20031,12140,Box of popcorn/chips,1
20032,12181,Box,1
20033,12145,Small Box of fruit,1
20045,12192,Trays,3
20066,12186,Sauces,3
22736,14224,Box Meat/Deli ,1
22756,14197,Boxes bakery,4
22757,14198,Bakery,4
22758,14220,Box pumpkins,4
22759,14220,Bag lime,2
22760,14220,Bag oranges,1
22761,14220,Box honey dew mellon,1
22783,14258,Large bags of bread,3
22888,14329,kind bars,150
22895,14316,Seasonal clearance,3
22904,14331,Cakes/bread,1
22905,14331,Miscellaneous,1
22919,12204,Meat trimming bags,3
22924,14344,Mics Snacks and Packaged food,1
22929,14353,boxed lunches,40
22938,14357,Snack packs,13
22939,14357,Parfaits,12
22940,14357,Salads,17
22941,14357,Wraps,11
22942,14357,Prepared foods,5
22943,14357,Muffins/croissants,5
22946,14349,Boxes of bagels (1 box is approx 6 dozen bagels),4
23026,14389,Baked goods,2
23074,14442,Bottles laundry detergent,3
23160,14459,Pastries box,2
23176,14456,Dairy box,1
23177,14456,Frozen box meat,1
23186,14508,Chips,1
23187,14479,Cake,1
23188,14479,Ckae,1
23189,14509,12 packs water,7
23191,14460,Salads,10
23192,14460,Cupcakes,20
23193,14460,Cookies,5
23196,14509,"1 box frz (2 pizzas 3 lbs chix dumpling, 2 lbs bread, 1 lb veg)",1
23197,14509,Box dairy 3 lb dairy plus 30 oz juicr) ,1
23273,14539,Box of danish & cookies,1
23290,14579,Bags of frozen sandwiches,6
23292,14563,Dessert,1
23304,14593,Boxes of food,5
23403,14619,Small bags scones/buns,5
23404,14619,Small packages cookies/biscotti,4
23405,14610,Gricery assorted,7
23406,14610,Deli prepared,1
23407,14610,Mozzerarella,1
23408,14610,Fruit drinks,2
23409,14610,Yugart,1
23410,14610,Cottage cheese and mixed cheese,1
23413,14617,Pot pies,7
23414,14640,Bags of bagels,12
23427,14591,"Grocery cart completelt full of bakert items: buns, baguettes, sandwich loaves, bagels and assorted pastries",1
23450,14660,Bread loaf,4
23453,14660,Deserts,10
23543,14750,Green leaf lettuce,182
23553,14750,cases of broccoli,4
23562,14702,"Med. Boxes of soup, salads wraps pasta",3
23563,14710,Box limes,1
23564,14710,Sm box peppers,1
23572,14747,Bags of frozen sandwiches ,4
23595,14769,Box,1
23600,14735,Bags baked goods,2
23601,14735,Cases cupcakes,2
23602,14760,Small box of buns,1
23677,14775,Boxes of bread,3
23678,14775,Partial box of nuts,1
23684,14794,Pies,5
23685,14830,Bag of bread,1
23686,14830,Tray of biscuits ,1
23687,14830,Loaves of bread,3
23698,14790,Meat,2
23704,14831,Case pears,1
23725,14856,Prepared foods,6
23726,14856,Snack packs,12
23727,14856,Salads,13
23728,14856,Wraps,8
23730,14856,Muffins,6
23735,14851,Boxes,3
23736,14841,Bottles orange juice,2
23737,14841,Boxes salad greens ,2
23738,14841,Box hard boiled eggs,1
23739,14841,Boxes pastries,4
23740,14841,Bags sliced bananas,5
23741,14841,Box apples,1
23742,14841,Box bagels,1
23743,14841,Box assorted cookies,1
23815,14872,Meat,2
23816,14874,Bread,4
23817,14874,Deli,29
23818,14893,Grocery cart of baked goods,1
23819,14894,Big bags bagels,2
23978,14962,Boxes pastries,7
23979,14985,Baked goods,1
23982,14991,Dozen bagels,6
24007,15027,Bags of assorted produce,2
24017,15033,Boxes,2
24075,15045,Box of danish & cookies,1
24092,15080,Boxes if miscellaneous food,20
24125,15100,Box,1
24216,15126,Paper  products ,1
24235,15120,Milk,1
24236,15120,Yugarts,1
24237,15120,Grocery,5
24239,15170,Box,1
24246,15150,Box of avacodos,1
24247,15150,Box of potatoes and brocolli,1
24362,15241,Sm box potatoe,1
24363,15241,Sm box mushroom,1
24366,15236,Bakery,6
24367,15234,Bakery,6
24368,15205,Small of salads,1
24369,15205,Packs of deli meats,4
24396,15200,"Large bag with bread, rolls and quarter of a cake",1
24529,15326,Box cakes,1
24530,15340,Can goods,1
24531,15340,Meats,5
24551,15362,Box,1
24552,15367,Salads,21
24553,15367,Wraps,6
24554,15367,Snack packs,7
24555,15367,Prepared foods,12
24556,15367,Muffins,12
24563,15368,Bread tray ,1
24564,15368,Salad tray ,1
24638,15388,Meat box,2
24640,15389,Cookies,10
24641,15390,Bags for furloughed federal workers ,17
24643,15393,Grocery carts of baked goods,2
24702,15458,Cases of beverages ,3
24703,15457,Chicken pot pie,4
24807,15519,Dozen bagels,8
24808,15482,Boxes pastries,7
24811,15496,Large boxes muffins,4
24815,15525,Boxes of assorted bakery items,2
24816,15508,Grocery cart bakery items,1
24820,15532,DaIry,1
24821,15532,Drinks,2
24822,15532,Dozen baby wipes (10 lbs),1
24843,15542,Box with 6 grapefruit 4 bananas and 4 lemons,1
24844,15549,Tray of bagels,1
24845,15549,Box of juice bottles,1
24909,15561,Box of danish & cookies,1
24917,15604,Pans of Prepared Food,27
24932,15610,Box,1
25014,15633,Box of goodies ,1
25015,15668,cases of iceberg lettuce (wrapped),901
25016,15668,cases of iceberg lettuce (unwrapped),8
25017,15668,cases of chopped romaine,48
25018,15668,cases of salad mix,6
25022,15634,Bag chips,1
25027,15659,Large bag of bagels,1
25028,15622,Bacon,1
25029,15622,Prepared deli,1
25030,15622,Pillsbury biscuits ,3
25031,15622,Grocery,5
25037,15675,Box,1
25038,15607,Bakery,3
25040,15632,Small box containing scones and ends of bread,1
25161,15716,Deli,3
25169,15712,Boxes Deli,1
25170,15715,H Half pan of prepared food ,1
25186,15711,Bag of prepared salad ,1
25187,15728,Baked Goods,2
25190,15766,Kgs F Frozen stuffing ,45
25191,15766,Bag bakery,31
25192,15766,X12oz drinks,12
25193,15766,X8oz yogurt andmilk,161629
25217,15784,Box,2
25325,15813,Utz chips,5
25348,15851, grocery bag size fresh fruit,1
25349,15851,Bottles juice,9
25370,15871,Boxes,2
25371,15878,Salads,7
25372,15878,Prepared items,4
25373,15878,Snack packs,3
25374,15878,Wraps,8
25375,15878,Bag of pastries,1
25439,15894,Meat,3
25447,15899,Grocery carts of baked goods,2
25448,15895,Deli,1
25449,15928,Bakery,2
25455,15922,Boxes Cans,1
25511,15939,Hot/Cold Food,2
25521,15965,Personal care,1
25601,16017,Dozen bagels,17
25618,15985,Deli,11
25620,16009,Grocery cart bakery items,1
25624,16033,Box dairy,1
25625,16036,Grixery carts if bread,2
25648,16050,Box,1
25721,16071,Box of danish & cookies,1
25722,16086,L Large bag of bagels ,1
25725,16099,Large bag of bagels,1
25730,16076,Cakes/Cookies ,2
25731,16069,Dairy,1
25833,16144,11 small bags chips,11
25834,16178,Bag of Bread,1
25835,16184,crates of whole milk,6
25837,16186,crates of white milk,2
25839,16141,Small box baked goods,1
25843,16140,Chicken pot pie,2
25844,16136,Prepared deli,2
25845,16136,Grocery,5
25846,16136,Dairy ,2
25858,16152,Boxes Baked Goods,3
25860,16197,crates of white milk,4
25861,16187,Box,1
25880,16188,Small cartons milk,6
25881,16188,Bottles of juice,4
25887,16202,Salad boxes,3
25988,16254,Large bag bread,1
25991,16239,Box deli,1
25996,16287,Kind Bars,1
26007,16275,Box peppers,1
26008,16275,Box apples,1
26009,16275,Box tomatoes,1
26011,16266,Baked Goods,2
26015,16290,Boxes dairy,2
26016,16290,Box bread,1
26021,16240,Small bags of bread,5
26045,16302,Box,1
26046,16293,Bags of baked goods,4
26123,16356,Baked Goods,2
26130,16341,Dairy,3
26142,16367,Cases of donuts,4
26152,16370,Bottles of iced tea,8
26163,16389,Prepared foods,9
26164,16389,Muffins,6
26165,16389,Salads,15
26166,16389,Sandwiches,3
26167,16389,Snack packs,5
26168,16385,Boxes,4
26248,16403,Frozen,1
26249,16406,Deli 1 box,1
26250,16404,Meat,3
26252,16444,"Baked goods, canned goods, miscellaneous",8
26316,16480,Mix of pastries,1
26394,16484,Bags bread ,2
26405,16487,Pastry boxes,7
26412,16508,Grocery cart bakery items,1
26510,16580,Box of danish & cookies,1
26513,16607,Bags of Bagels,2
26518,16584,Large bag bagels,1
26538,16614,Frozen sandwiches,2
26634,16653,Prepared,1
26635,16653,Frozen package ,2
26636,16653,2 yugarts 2 misc.,4
26645,16681,Boxes Bakery Goods,4
26772,16753,Bakery Items,1
26774,16739,Small bag of prepared salad and deli meat ,1
26816,16792,Bags of baked goods,2
26821,16812,Boxes of salads and sandwiches,2
26904,16834,Cakes,2
26920,16856,Birthday cake,1
26921,16876,Bakery,1
26922,16876,Fruits,1
26923,16876,Meats,8
26924,16844,Boxes bakery items,3
26943,16880,Bottles of raspberry tea,6
26944,16880,Heads of romaine lettuce,2
26945,16880,Dozen oranges,1
26946,16880,Apples,6
26971,16903,Snack packs,6
26972,16903,Prepared foods,8
26973,16903,Salads,13
26974,16903,Wraps,5
27051,16921,Meat (ham),4
27052,16926,Grocery cart of baked goods,1
27053,16922,Deli,1
27054,16922,Crackers,1
27055,16950,Box apples,1
27056,16950,Box bread,1
27225,17042,Dozen bagels,5
27226,17012,Boxes pastries,2
27230,17061,Boxes Assorted Bakery,2
27236,17016,Deli box,1
27266,17085,Boxes,5
27334,17108,Box if cookies & danish,1
27338,17105,Dairy,1
27378,17173,Box,1
27460,17188,Frozen,1
27461,17188,Misc dairy,1
27462,17188,Grocery,10
27465,17201,Box,1
27466,17194,Box of pastries/cookies,1
27470,17167,Cases raspberries,6
27479,17171,Hummus ,1
27480,17171,Baba ghoulish ,1
27489,17236,Box,1
27491,17158,Bakery,4
27497,17238,Bottles of various drinks,13
27611,17281,"Boxes deli, cold cuts",1
27621,17292,Bakery Items,3
27622,17331,Dairy,10
27632,17335,Tray of buns,1
27633,17333,Bags of baked goods,3
27642,17268,Apple juice,2
27650,17337,Case Pretzels,3
27657,17337,Chicken Salad trays,2
27658,17344,Case pretzels,3
27659,17344, trays chicken salad,2
27663,17282,Cases 12oz coca cola,45
27736,17374,Baked Goods,2
27758,17410,Fruits,6
27759,17367,Meats,2
27775,17414,Pieces of fruit ,10
27795,17438,Boxes,3
27796,17443,Prepared foods ,8
27797,17443,Muffins,6
27798,17443,Salads,9
27799,17443,Wraps,6
27800,17443,Snack packa,9
27877,17489,Small tray ready to eat,1
27879,17461,Boxes Meat,3
27880,17497,Bag baked goods,1
27881,17497,Large box baked goods,1
27882,17476,Grocery cart of baked goods,1
27883,17463,Boxescrackers and chips,2
27884,17095,"8 pro,1 box dairy,3 box,bakery 3 appy",8
27885,17470,Box of 12 tortillas and wraps ,1
27888,17488,Chips,3
28054,17583,Dozen bagels,9
28067,17562,Pastry boxes,10
28079,15485,Prepacked meals large bag ,1
28083,17561,Dairy,2
28084,17561,Meats,2
28085,17561,Produce,4
28086,17561,Bakery,4
28087,17561,Bread,8
28093,17581,Grocery cart bakery items,1
28190,17693,bags of salad mix,10
28194,17665,Large bag bagels,1
28195,17666,Deserts ,2
28201,17637,"Prepared salads, individually wrapped sandwiches",1
28202,17695,Frizen food,2
28203,17695,Dairy,3
28231,17714,Boxes,3
28319,17742,Large Box,1
28320,17752,Bag of bread,1
28322,17729,Grocery,4
28327,17754,Boxes Bakery,3
28331,17700,Bakery,4
28335,17778,Box,1
28356,17779,Dozen fresh apples,1
28454,17817,"Boxes Deli, Salads and Cheese",2
28465,17830,Big bag bagels,1
28466,17828,Bakery Items,1
28469,17865,Frozen,1
28470,17865,Dairy,2
28471,17868,Baked goods,1
28472,17866,Box Breads,1
28475,17861,Big can of black beans,1
28476,17861,Very large container of Tamari,1
28583,17911,Baked goods,3
28601,17882,Potatoes ,2
28619,17943,Box of Bread,4
28631,17939,Bakery,1
28632,17899,Can goods,2
28633,17899,Dairy,2
28638,17938,Bags of Bread,2
28667,17985,Prepared foods,6
28668,17985,Rolls,6
28669,17985,Muffins,3
28670,17985,Snack packs,15
28671,17985,Wraps,16
28672,17985,Salads,16
28673,17985,Packs of prepared sandwiches,4
28674,17978,Box,3
28753,17997,Box frozen meat,1
28754,17998,Deli,1
28755,18000,Boxes Dairy,2
28756,18000,Eappy,1
28757,18000,Gros,6
28758,18012,Grocery cart baked goods,1
28924,18111,Dozen bagels,4
28942,18090,Pastry boxes,10
28949,18091,Boxes of chips,3
28951,18139,Boxes Assorted Bakery,3
28952,18089,Meat,1
28953,18089,Dariy,2
28954,18089,Frozon,3
28964,18145,Gals milk,8
28965,18145,5 oz yogurt,12
28966,18145,Pints ice cream,12
28967,18145,16 oz soda,6
28998,18168,Boxes,3
28999,18168,24 bottles of oj,3
29067,18182,Box of danish & cookies,1
29073,18186,Deli meat.  hoagie.  salad,1
29074,18221,Gros,5
29075,18221,Bake,4
29076,18221,Meats,3
29077,18221,Froz,3
29078,18221,Dairy,2
29106,18233,Large bags ready to eat food,4
29110,18245,Box,1
29188,18256,Box of danish ,1
29195,18254,Deli,1
29196,18254,Grocery,4
29200,18280,Boxes Bakery,3
29205,18304,Box,1
29218,18305,Pieces fresh fruit,19
29321,18385,Large box bread,1
29326,18344,Bag Deli,1
29327,18343,Deli asst items ,3
29334,18391,Cases of water,3
29337,18340,Small bag of prepared salad bowl,1
29339,18355,Bakery Items,1
29340,18392,Dairy,1
29341,18392,Bixes frizen vefgies and bread,2
29342,18392,Bag bakery,1
29343,18368,Flats produce,5
29344,18387,Box oranges some cauliflower,1
29350,18396,Packages of Buns,7
29376,18401,Box,1
29467,18424,Meat,3
29486,18423,Box pastry,1
29492,18443,Bakery ,2
29504,18474,Case of water/miscellaneous,1
29514,18479,Pieces fresh fruit,12
29515,18488,Case pears,1
29518,18497,Sandwiches,6
29519,18497,Salmon meals,8
29520,18497,Salads,11
29522,18472,Box of drinks and dressings,1
29527,18498,Yogurt parfaits,1
29540,18508,Prepared foods,8
29541,18508,Salads,6
29542,18508,Wraps,2
29543,18508,Snack packs,6
29544,18508,Muffins,12
29613,18536,Grocery cart of baked goods,1
29614,18521,Meat,2
29623,18526,Dariy,1
29624,18526,Meats,3
29679,18565,Assorted Deli box,3
29680,18564,Hot foods,1
29804,18609,Dairy,1
29805,18609,Frozon,1
29814,18611,Pastries boxes,2
29818,18663,Boxes Assorted Bakery items,2
29820,18667,Box prepared foods,1
29821,18667,Dairy,5
29840,18690,Boxes,3
31500,19199,Box of danish & cookies,1
31506,19241,Prepared ,3
31507,19241,Frozon,1
31508,19241,Bake,4
31509,19241,Meat,2
31510,19202,Lunch meat,20
31511,19202,Soup,10
31515,19226,Box of bagels ,1
31528,19248,"Small bags, sushi, japanese fare",2
31529,19248,Large bags various pasteries,2
31530,19209,Chips,1
31627,19276,Box pastries muffins,1
31633,19281,Box bakery,1
31638,19274,Deli,2
31639,19274,Grocery,5
31640,19274,Dairy,4
31641,19274,Juice and creamers,1
31643,19309,Boxes Bakery,4
31650,19255,Boxes assorted bakery,4
31763,19366,Boxes deli,2
31774,19414,Dairy/sour cream,3
31776,19377,Bakery Items,1
31778,19363,Small Boxes of sliced deli meat ,2
31779,19363,Small containers refrid. Soup,10
31802,19430,Medium box. Ready to eat food ,1
31904,19462,Baked goods,2
31905,19445,Large bags of bagels,3
31920,19497,Boxes of bread,3
31921,19497,Pisces of meat,6
31922,19497,Box of pastries,1
31934,19501,Small bags fish trimming,2
31937,19499,Dozen pieces fresh fruit,2
31958,19524,Snack packs,8
31959,19524,Salads,26
31960,19524,Sandwiches,10
31961,19524,Muffins,6
31962,19524,Prepared food trays,6
31963,19524,Small prepared foods,5
32047,19542,Frozen meat ,1
32048,19577,Frozen Meats,2
32049,19577,Other: non food items,1
32050,19577,"Cereal, crackers, cookies",1
32051,19556,Grocery cart of baked goods,1
32052,19547,Dariy,1
32053,19547,Gros,1
32054,19544,Deli,1
32055,19541,Frozen,2
32058,19583,Salad,3
32059,19583,muffins,3
32104,19612,bread,2
32105,19589,Dairy,1
32115,19586,Boxes of prepared foods and lunch meat,3
32116,19616,Various produce and non-perishables,4
32120,19606,Huge bag of discontinued chips!,2
32121,19611,Bakery,2
32214,19639,Big bag of biscuits,1
32228,19636,Grocery boxes,3
32230,19631,Assorted baked goods 1 bag ,1
32245,19684,Boxed crackers,18
32246,19684,Dozen eggs,10
32247,19684,Bagged salad mix,8
32248,19684,Misc box food items,1
32249,19684,Packaged lunch meats,10
32250,19650,Dozen bagels,5
32253,19686,Boxes Assorted Bakery,2
32254,19633,2 boxes of dairy items,2
32350,19726,Box of danish  & cookies,1
32353,19749,Large bag bagels,1
32358,19766,Box misc food items,1
32359,19754,Sack of potatoes ,2
32375,19778,Large bags ready to eat food,3
32477,19806,Box of bread,1
32478,19805,Grocery,8
32490,19854,Boxes of pastries,6
32491,19834,Bakery,2
32601,19891,Meat,3
32606,19895,Bag deli meat,1
32615,19916,Dozen bagels,10
32621,19935,Bakery Items,1
32622,19937,Large bag bagels,1
32625,19905,Bread products ,3
32627,19951,Loaves of bread,6
32635,19941,Large crate sandwiches/salads,1
32644,19953,Shopping cart fulls of buns,1
32648,19962,Large bags Chicken and Bread Mixed,2
32745,20026,Boxes pastries,6
32746,19977,Medium size box bagels,1
32765,20030,Small bag seafood,1
32769,20029,Large bag of lettuce,3
32875,20077,Frozen meat,2
32876,20077,Deli,2
32933,20124,Dairy,1
32937,20143,Bakery,1
33032,20168,Deli boxes,2
33047,20183,Dozen bagels,12
33061,20166,Dairy,2
33062,20166,Frozen,1
33071,20226,Flats produce,3
33072,20226,Boxes frozen tater tots,5
33073,20226,Box dairy,1
33074,20226,Boxes cleaning products,4
33075,20216,Box of bakery items,1
33097,20244,Box,1
33174,20268,Veggie/cans,5
33175,20268,Plastic sandwich bags,6
33176,20268,Wisher sauce,2
33187,20275,Small bag bagels,1
33188,20309,Meat,3
33189,20305,Bag bakery,1
33190,20305,Box produce,1
33203,20317,HUGE garbage type bins full,2
33309,20355,Box pastries cookies ,1
33315,20391,Boxes bakery,4
33317,20366,Pot pie,1
33318,20320,Boxes Assorted Bakery,2
33323,20353,Deli,1
33324,20353,Grocery,5
33325,20353,Mixed yugarts and juice,3
33333,20318,Box assorted bakery,1
33340,20273,Bag cooked spaghetti ,1
33341,20407,Bottles of flavored tea,32
33342,20407,Cans of sparkling juice,9
33343,20407,Bottles of flavored water,8
33344,20407,Cartons of milk,4
33345,20407,Bottles of orange drink,6
33366,20338,Tray leftovers,1
33461,20443,Meat,3
33475,20486,Bixes Assorted Bakery,2
33476,20500,Box of can goods,1
33479,20487,Large buggy of bakery items,1
33481,20463,Large bag Bagels,1
33483,20415,Bags of carrot dip,3
33484,20475,Bred,3
33489,20448,Bag of breads and rolls ,18
33490,20448,Small Bag of lunch meat ends ,1
33491,20502,Prepared food,1
33611,20555,Baked goods,4
33619,20539,Meats,3
33628,20590,Boxes of bread,2
33629,20590,Box of crackers,1
33646,20516,Cases of yams,2
33652,20593,Box of juice & tea,1
33661,20620,Prepared foods,11
33662,20620,Salads,23
33663,20620,Sandwiches,15
33762,20647,Frozen meat,1
33763,20659,Box of Pastries ,1
33826,20703,Pastry,1
33827,20696,Box of dairy ,1
33924,20771,Dozen bagels,4
33942,20797,Box misc food items,1
33943,20797,Box milk & cheese,1
33944,20797,"Box lunch meat, cheese & bread",1
33945,20797,Cases chocolate candies,2
33946,20748,Grocery bag,1
33952,20742,Frozon,2
33953,20742,Meets,2
33954,20742,Dairy,1
33960,20790,Eggs,2
33961,20790,Deli,1
33962,20769,Grocery carts bakery items,1
33969,20802,Box juice,1
33970,20802,Oz dairy,64
33992,20820,Boxes,4
34067,20832,Box cookies &  danish,1
34068,20833,Grocery,1
34069,20857,Medium bags bagels,2
34074,20874,Meats,3
34075,20874,Prepared foods,2
34083,20871,Sandwiches,14
34084,20871,Oz juice,150
34085,20871,Oz dairy,50
34115,20898,Box,1
34815,21105,Bags assorted bread,2
34816,21104,Box of pastries,1
34874,21102,Milk,4
34880,21151,Bakery,10
34882,20883,Soup,2
34883,20883,Boxes sliced tomatoes,2
34886,21158,48 oz case of cream cheese,4
34888,20884,Bakery,4
34907,21161,"Bags of bread, rolls",2
34914,21185,Sandwiches,2
34998,21191,Deli,1
34999,21211,Boxes Assorted Bakery,2
35000,21209,Dozen bagels,12
35009,21243,Dairy,2
35015,21210,12 pack jelly,1
35016,21210,Box potato chips,1
35021,21195,Small bags of. Deli cut meat,2
35022,21195,Hoagies,3
35023,21195,5lb of flour,4
35024,21195,Individial boxes ziplock bag,5
35026,21237,Bread,3
35058,21265,Box,1
35148,21296,Chips,1
35149,21296,Boxes of dairy,2
35156,21329,Dessert item,1
35157,21295,Large bags,2
35177,21346,Bottled sparkling water ,10
35178,21346,Small containers of fresh veggies,3
35198,21364,Prepared foods/sandwiches,14
35199,21364,Muffins,12
35200,21364,Salads,8
35201,21364,Snack packs,14
35202,21364,Sandwiches,6
35203,21364,Soup,12
35276,21382,Meat,2
35284,21400,Grocery cart of baked goods,1
35285,21388,Frozen,1
35286,21383,Deli,1
35287,21416,Bakery,2
35289,21387,Meat,6
35348,21431,Dairy,1
35465,21501,Dozen bagels,9
35468,21475,Egs,3
35469,21475,Deli,1
35470,21523,Bread and bakery items,3
35481,21499,Grocery cart bakery items,1
35482,21529,Boxes of assorted bakery items,2
35483,21528,"Box misc crackers, lunch meats, cheeses",1
35484,21528,Box bagged salad mix,1
35485,21528,Gallons milk,3
35486,21528,Dozen eggs,3
35487,21528,Jars coffee,5
35488,21528,Box misc food items,1
35489,21474,Dairy,1
35490,21474,Frozen,1
35491,21474,Meats,4
35496,21531,BagsBread and rolls,2
35505,21538,Friut/veg,4
35508,21533,Box beverage,1
35509,21533,Box frozen veg,1
35510,21533,Boxes dairy,2
35511,21538,Boxes yogurt fruit eggs,3
35512,21470,Dairy/yogurt,3
35543,21555,Boxes,2
35613,21577,Bruschetts,2
35615,21576,Box of cookies & danish,1
35631,17785,Bags of breakfast sandwhiches ,2
35641,21639,large bags glass noodles,5
35764,21668,Deli,1
35765,21668,Yugart,1
35766,21704,Boxes Bakery,5
35771,21638,Misc Bakery,4
35779,21721,Boxes,3
35784,21634,Boxes Assorted Bakery,3
35787,21694,Trays of cupcakes,2
35793,21722,Loaf of bread ,1
35794,21722,Hot dog buns,6
35795,21722,Dozen apples,1
35908,21803,Dozen bagels,6
35913,21814,Boxes of cans goods,3
35919,21757,Assorted crackers,4
35920,21765,Packages lunch meat,6
35921,21743,Gallons of Rice,1
35922,21799,Bread,3
35925,21791,Boxes produce,2
35926,21647,Cases green beans 180 lbs total,6
35928,21758,Meat,1
35929,21750,Cases green beans ,3
36029,21864,Baked Goods,2
36030,21843,Dairy,1
36031,21848,Medium bags of bread,5
36040,21824,Carrots 50 lbs,1
36041,21824,Napa cabbage 30 lbs,1
36042,21824,Whole grapes 50/2oz,1
36070,21893,Mears,4
36071,21893,Bakery,1
36083,21915,Boxes,5
36154,21933,Egg,1
36158,21934,Frozen meat ,2
36166,21937,Deli,1
36167,21940,Meat,2
36168,21940,Dairy,7
36214,21978,Deli foods,1
36227,21984,1pastry,1
36341,22065,Dozen bagels,6
36342,22033,Cupcakes,3
36343,22082,Box loaf bread & buns,1
36344,22082,"Box bagged salad mix, bagged spinach & bagged baby carrots",1
36345,22082,"Box eggs, yogurt & cheese",1
36346,22082,Case cracker snacks,1
36347,22082,12pk gatorade,2
36348,22082,Case iced tea bottles,1
36349,22082,Large bottles powdered coffee creamer,3
36350,22082,Box misc food items,1
36351,22082,Case organic apricot jelly,1
36362,22074,Bakery,4
36363,22028,Deli,1
36364,22028,Eggs,2
36365,22026,Dairy,3
36366,22026,Frozen,3
36367,22058,Grocery carts bakery items,1
36371,22086,Boxes dairy,2
36387,22093,Cases of nacho chips,2
36395,22098,Gallons milk,7
36396,22098,Dz eggs,10
36399,22105,Boxes,2
36483,22116,Box of cookies & danish,1
36484,22118,Chips,3
36489,22152,Large bag bagels,1
36491,22129,Large bag bagels,1
36493,22159,Meats,6
36494,22125,"Crackers, soda",1